This week,Last Week,End 2014,Name,Country,Average Points,Total Points,Events Played(Divisor),Lost In 2015,Gained 2015,Events Played (Actual)
1,(1),<9>,Jordan Spieth,United States,11.9184,619.755,52,-294.713,616.703,57
2,(2),<8>,Jason Day,Australia,11.6066,464.266,40,-220.857,452.681,37
3,(3),<1>,Rory McIlroy,N Ireland,11.3546,510.956,45,-415.744,385.597,45
4,(4),<4>,Bubba Watson,United States,7.4930,344.677,46,-268.052,263.571,46
5,(5),<6>,Justin Rose,England,7.3612,382.781,52,-264.827,319.940,53
6,(6),<10>,Rickie Fowler,United States,7.2632,377.688,52,-213.713,307.131,53
7,(7),<2>,Henrik Stenson,Sweden,7.1366,371.102,52,-338.434,286.033,52
8,(8),<19>,Dustin Johnson,United States,6.4406,257.624,40,-182.821,281.485,40
9,(9),<7>,Jim Furyk,United States,5.9756,245.001,41,-230.589,184.178,41
10,(12),<3>,Adam Scott,Australia,4.7423,194.433,41,-255.161,125.773,41
11,(10),<18>,Zach Johnson,United States,4.5543,236.824,52,-194.590,232.393,52
12,(11),<5>,Sergio Garcia,Spain,4.3944,206.538,47,-256.656,128.380,47
13,(13),<23>,Patrick Reed,United States,4.3229,224.793,52,-169.835,228.162,60
14,(14),<16>,Hideki Matsuyama,Japan,4.2322,220.074,52,-177.664,189.336,54
15,(18),<82>,Branden Grace,South Africa,4.1373,215.139,52,-94.010,218.680,56
16,(17),<236>,Kevin Kisner,United States,4.1037,213.392,52,-48.740,221.961,56
17,(16),<34>,Brooks Koepka,United States,4.1018,213.294,52,-122.512,181.354,55
18,(15),<45>,Louis Oosthuizen,South Africa,4.0564,194.705,48,-102.430,178.330,48
19,(19),<11>,Matt Kuchar,United States,3.9111,203.377,52,-230.151,168.349,54
20,(20),<50>,Danny Willett,England,3.8378,199.564,52,-88.983,162.676,52
21,(21),<44>,Shane Lowry,Ireland,3.7859,189.294,50,-99.060,150.178,50
22,(22),<25>,Kevin Na,United States,3.6636,190.505,52,-106.233,162.941,56
23,(23),<66>,J.B. Holmes,United States,3.5744,175.144,49,-92.920,187.078,49
24,(25),<75>,Paul Casey,England,3.4804,180.980,52,-96.751,181.217,52
25,(24),<21>,Jimmy Walker,United States,3.4768,180.792,52,-195.208,181.901,52
26,(26),<12>,Martin Kaymer,Germany,3.3866,176.102,52,-184.677,106.495,55
27,(28),<100>,Russell Knox,Scotland,3.1542,164.019,52,-70.066,157.074,57
28,(29),<37>,Thongchai Jaidee,Thailand,3.1398,163.269,52,-118.889,136.779,59
29,(27),<14>,Phil Mickelson,United States,3.1358,128.569,41,-180.412,108.886,41
30,(30),<72>,Bernd Wiesberger,Austria,3.0986,161.129,52,-103.608,165.865,58
31,(31),<179>,Byeong Hun An,Korea,2.9435,153.063,52,-49.662,153.010,55
32,(32),<122>,Justin Thomas,United States,2.9432,153.048,52,-47.293,149.508,59
33,(34),<128>,Emiliano Grillo,Argentina,2.9119,151.420,52,-57.875,146.087,56
34,(36),<150>,Andy Sullivan,England,2.8963,150.609,52,-64.368,158.491,59
35,(50),<31>,Charl Schwartzel,South Africa,2.8892,150.239,52,-142.118,135.357,60
36,(33),<13>,Billy Horschel,United States,2.8843,149.984,52,-163.658,80.399,53
37,(35),<17>,Victor Dubuisson,France,2.8810,141.170,49,-140.046,96.167,49
38,(37),<58>,Brandt Snedeker,United States,2.7833,144.729,52,-119.533,145.075,55
39,(41),<64>,Anirban Lahiri,India,2.7780,138.901,50,-84.253,129.715,50
40,(39),<134>,Kiradech Aphibarnrat,Thailand,2.7677,143.922,52,-66.575,139.519,59
41,(38),<20>,Chris Kirk,United States,2.7398,139.731,51,-148.960,91.088,51
42,(43),<220>,Danny Lee,New Zealand,2.7275,141.830,52,-40.906,143.408,64
43,(40),<39>,Bill Haas,United States,2.7209,141.487,52,-139.754,134.384,53
44,(45),<335>,Soren Kjeldsen,Denmark,2.7176,141.314,52,-35.505,148.385,58
45,(42),<91>,Robert Streb,United States,2.7167,141.267,52,-63.203,122.172,54
46,(46),<184>,Scott Piercy,United States,2.7015,113.463,42,-48.388,121.251,42
47,(44),<46>,Marc Leishman,Australia,2.6472,129.711,49,-103.813,98.267,49
48,(47),<413>,Matthew Fitzpatrick,England,2.6345,134.358,51,-16.443,134.353,51
49,(48),<74>,Charley Hoffman,United States,2.6072,135.576,52,-88.328,126.913,52
50,(49),<301>,Daniel Berger,United States,2.5245,131.276,52,-37.457,145.743,57
51,(81),<78>,Matt Jones,Australia,2.5103,130.538,52,-90.431,127.131,53
52,(51),<42>,Ryan Palmer,United States,2.4663,118.381,48,-110.717,94.943,48
53,(52),<141>,Chris Wood,England,2.4403,114.696,47,-51.526,108.909,47
54,(53),<15>,Graeme McDowell,N Ireland,2.4024,122.521,51,-149.679,72.661,51
55,(56),<26>,Lee Westwood,England,2.4012,124.861,52,-130.658,84.760,54
56,(54),<27>,Ian Poulter,England,2.3999,119.993,50,-132.238,100.328,50
57,(55),<169>,David Lingmerth,Sweden,2.3864,124.092,52,-54.436,126.475,59
58,(57),<284>,K.T. Kim,Korea,2.3179,111.259,48,-30.521,108.555,48
59,(58),<30>,Ryan Moore,United States,2.2802,109.450,48,-122.884,78.195,48
60,(59),<48>,Gary Woodland,United States,2.2783,113.914,50,-118.871,99.752,50
61,(60),<60>,Russell Henley,United States,2.2732,118.206,52,-98.075,99.262,53
62,(61),<137>,Jason Bohn,United States,2.2600,117.517,52,-55.005,108.077,52
63,(62),<55>,Francesco Molinari,Italy,2.2354,116.241,52,-106.724,100.231,54
64,(63),<22>,Hunter Mahan,United States,2.2127,115.060,52,-139.020,67.558,56
65,(65),<165>,Kristoffer Broberg,Sweden,2.1602,112.328,52,-37.711,97.882,61
66,(73),<79>,Shingo Katayama,Japan,2.1565,86.260,40,-55.773,62.521,40
67,(64),<24>,Jamie Donaldson,Wales,2.1526,111.935,52,-143.554,77.064,55
68,(66),<69>,Marc Warren,Scotland,2.0936,108.868,52,-86.648,91.276,58
69,(67),<85>,Cameron Tringale,United States,2.0935,108.860,52,-72.743,93.909,58
70,(68),<28>,Keegan Bradley,United States,2.0737,107.834,52,-137.243,80.482,53
71,(78),<362>,Jaco Van Zyl,South Africa,2.0361,81.445,40,-28.324,90.192,39
72,(74),<49>,John Senden,Australia,2.0184,104.956,52,-100.258,75.815,56
73,(69),<54>,Brendon Todd,United States,2.0176,104.915,52,-102.197,83.720,58
74,(71),<89>,Steven Bowditch,Australia,2.0145,104.754,52,-67.038,97.268,69
75,(70),<43>,Webb Simpson,United States,2.0114,98.558,49,-128.394,85.806,49
76,(72),<33>,Luke Donald,England,1.9840,103.168,52,-119.295,75.791,52
77,(75),<1548>,Patton Kizzire,United States,1.9628,78.511,40,-6.821,85.332,30
78,(77),<80>,Thorbjorn Olesen,Denmark,1.9561,101.718,52,-65.746,73.267,58
79,(76),<152>,Brendan Steele,United States,1.9497,101.382,52,-60.019,102.582,52
80,(79),<51>,Tommy Fleetwood,England,1.9374,100.745,52,-93.627,71.275,60
81,(80),<65>,Ben Martin,United States,1.9294,100.331,52,-85.462,78.694,53
82,(82),<1548>,Smylie Kaufman,United States,1.9232,76.929,40,-4.591,81.520,28
83,(84),<29>,Joost Luiten,Netherlands,1.8732,97.405,52,-121.505,55.205,54
84,(85),<415>,Ricardo Gouveia,Portugal,1.8524,74.095,40,-13.312,71.003,31
85,(83),<68>,Ross Fisher,England,1.8427,95.818,52,-77.783,68.044,53
86,(86),<146>,Tony Finau,United States,1.7904,93.102,52,-34.416,80.520,58
87,(87),<81>,George Coetzee,South Africa,1.7884,91.210,51,-79.734,78.383,51
88,(88),<240>,Thomas Pieters,Belgium,1.7746,92.279,52,-26.598,88.237,54
89,(89),<40>,Miguel A Jimenez,Spain,1.7364,86.820,50,-108.303,66.077,50
90,(91),<394>,James Morrison,England,1.7136,89.106,52,-28.473,94.606,57
91,(90),<53>,Alexander Levy,France,1.7100,88.919,52,-83.528,45.733,59
92,(96),<106>,Yuta Ikeda,Japan,1.6970,88.243,52,-49.345,62.588,52
93,(92),<139>,Daniel Summerhays,United States,1.6732,87.009,52,-59.711,82.855,55
94,(93),<86>,Brian Harman,United States,1.6691,86.792,52,-73.331,76.410,62
95,(94),<131>,David Howell,England,1.6671,86.690,52,-59.132,80.189,58
96,(95),<653>,Alexander Noren,Sweden,1.6663,66.651,40,-28.544,86.919,19
97,(98),<721>,Patrick Rodgers,United States,1.6513,66.053,40,-14.746,73.953,40
98,(97),<77>,Harris English,United States,1.6502,85.811,52,-99.418,93.633,57
99,(99),<136>,Prayad Marksaeng,Thailand,1.6428,85.426,52,-49.328,73.586,58
100,(100),<132>,Tyrrell Hatton,England,1.5995,83.175,52,-48.236,70.238,55
101,(101),<92>,Richie Ramsay,Scotland,1.5880,71.458,45,-51.523,55.670,45
102,(106),<151>,Eddie Pepperell,England,1.5846,77.644,49,-44.526,66.601,49
103,(103),<111>,Kevin Chappell,United States,1.5801,82.165,52,-58.692,65.657,55
104,(104),<166>,Yusaku Miyazato,Japan,1.5796,82.137,52,-39.739,69.881,53
105,(102),<363>,James Hahn,United States,1.5794,82.130,52,-40.576,96.098,54
106,(107),<190>,Cameron Smith,Australia,1.5742,62.968,40,-27.308,53.476,36
107,(105),<286>,Troy Merritt,United States,1.5251,77.781,51,-29.840,78.106,51
108,(109),<96>,Scott Hend,Australia,1.4939,77.683,52,-54.937,61.689,55
109,(108),<84>,Sangmoon Bae,Korea,1.4908,77.524,52,-67.547,54.347,57
110,(110),<67>,Hiroshi Iwata,Japan,1.4845,77.195,52,-55.589,40.216,55
111,(111),<93>,Rafael Cabrera Bello,Spain,1.4797,76.942,52,-67.207,65.115,56
112,(113),<160>,Satoshi Kodaira,Japan,1.4682,64.599,44,-32.409,47.870,44
113,(121),<138>,Yoshinori Fujimoto,Japan,1.4598,70.072,48,-44.367,53.903,48
114,(112),<76>,Matt Every,United States,1.4449,75.137,52,-93.895,72.559,52
115,(114),<35>,Stephen Gallacher,Scotland,1.4397,74.866,52,-119.448,41.370,55
116,(115),<124>,Morgan Hoffmann,United States,1.4379,74.772,52,-56.112,63.820,58
117,(117),<126>,David Hearn,Canada,1.4079,73.213,52,-57.552,64.806,59
118,(116),<114>,George McNeill,United States,1.3943,71.107,51,-57.433,60.716,51
119,(119),<474>,Sean O'Hair,United States,1.3830,71.915,52,-27.779,80.268,54
120,(118),<127>,Nick Watney,United States,1.3820,71.862,52,-70.808,75.446,53
121,(123),<99>,Fabrizio Zanotti,Paraguay,1.3708,68.540,50,-49.354,41.349,50
122,(122),<71>,Pablo Larrazabal,Spain,1.3667,69.702,51,-83.162,50.924,51
123,(120),<56>,Koumei Oda,Japan,1.3602,70.732,52,-83.924,37.033,55
124,(131),<88>,Hideto Tanihara,Japan,1.3555,63.710,47,-57.513,42.219,47
125,(124),<149>,William McGirt,United States,1.3407,69.716,52,-47.483,59.015,58
126,(126),<414>,Lee Slattery,England,1.3303,69.176,52,-20.104,67.848,56
127,(128),<283>,Lucas Bjerregaard,Denmark,1.3227,68.780,52,-23.349,63.853,60
128,(127),<108>,Chris Stroud,United States,1.3210,68.692,52,-64.132,57.164,55
129,(125),<38>,Jason Dufner,United States,1.3191,61.996,47,-118.928,45.528,47
130,(137),<669>,Dean Burmester,South Africa,1.3125,60.375,46,-16.644,67.744,46
131,(129),<172>,Marcus Fraser,Australia,1.3024,52.098,40,-32.790,44.984,36
132,(130),<245>,Fabian Gomez,Argentina,1.2982,67.505,52,-30.150,58.144,56
133,(132),<202>,Toshinori Muto,Japan,1.2900,58.049,45,-26.148,43.920,45
134,(134),<435>,Gary Stal,France,1.2886,64.431,50,-37.379,82.578,50
135,(152),<94>,Geoff Ogilvy,Australia,1.2728,58.547,46,-56.336,36.090,46
136,(133),<135>,Charles Howell-III,United States,1.2725,66.172,52,-63.555,64.242,59
137,(135),<90>,Tomohiro Kondo,Japan,1.2627,59.347,47,-47.306,29.815,47
138,(146),<261>,Ryan Fox,New Zealand,1.2554,50.214,40,-21.755,43.784,38
139,(165),<102>,Ryo Ishikawa,Japan,1.2552,65.268,52,-65.383,56.415,69
140,(136),<52>,Kevin Streelman,United States,1.2533,65.169,52,-100.079,38.803,55
141,(139),<83>,Brendon de Jonge,Zimbabwe,1.2507,65.036,52,-77.225,50.568,68
142,(138),<265>,Padraig Harrington,Ireland,1.2506,65.031,52,-43.640,71.928,59
143,(140),<62>,Tim Clark,South Africa,1.2378,49.511,40,-69.318,5.604,40
144,(141),<61>,Marcel Siem,Germany,1.2353,60.532,49,-69.843,14.528,49
145,(143),<235>,Rikard Karlberg,Sweden,1.2351,59.286,48,-26.364,53.177,48
146,(144),<279>,Will Wilcox,United States,1.2309,56.621,46,-24.851,54.609,46
147,(142),<57>,Graham Delaet,Canada,1.2272,56.452,46,-108.433,45.108,46
148,(164),<119>,Benjamin Hebert,France,1.2242,62.435,51,-31.574,39.868,51
149,(147),<423>,Davis Love III,United States,1.2215,48.861,40,-12.283,44.556,38
150,(145),<115>,Shawn Stefani,United States,1.2188,60.940,50,-52.593,45.483,50
151,(148),<123>,Jerry Kelly,United States,1.1969,55.056,46,-52.672,43.524,46
152,(150),<296>,Alex Cejka,Germany,1.1952,62.151,52,-34.613,67.834,59
153,(149),<118>,Boo Weekley,United States,1.1922,61.995,52,-64.916,56.060,53
154,(154),<215>,Kyounghoon Lee,Korea,1.1882,61.788,52,-33.376,52.235,55
155,(151),<155>,David Horsey,England,1.1848,61.610,52,-39.574,49.041,53
156,(153),<207>,Pat Perez,United States,1.1763,61.169,52,-49.081,66.453,52
157,(206),<187>,Gregory Bourdy,France,1.1725,60.969,52,-49.129,61.912,56
158,(155),<181>,Rory Sabbatini,South Africa,1.1564,57.820,50,-50.563,58.980,50
159,(157),<797>,Chez Reavie,United States,1.1266,45.066,40,-7.406,47.299,31
160,(156),<47>,Mikko Ilonen,Finland,1.1242,55.086,49,-90.860,16.124,49
161,(159),<218>,Richard Green,Australia,1.1119,52.259,47,-32.294,46.351,47
162,(233),<263>,Junggon Hwang,Korea,1.1117,56.694,51,-24.073,44.270,51
163,(158),<418>,Anthony Wall,England,1.1075,57.588,52,-19.584,60.874,55
164,(173),<186>,Wu Ashun,China,1.0881,47.876,44,-39.902,43.001,44
165,(163),<153>,Thomas Aiken,South Africa,1.0880,56.577,52,-53.778,53.796,57
166,(207),<1154>,Sebastien Gros,France,1.0837,43.349,40,-3.906,45.520,34
167,(167),<129>,Prom Meesawat,Thailand,1.0801,52.926,49,-40.936,36.762,49
168,(160),<110>,Hyungsung Kim,Korea,1.0767,55.990,52,-64.242,39.650,56
169,(160),<173>,Carl Pettersson,Sweden,1.0741,55.855,52,-40.873,46.346,60
170,(169),<162>,Alejandro Canizares,Spain,1.0694,48.125,45,-50.701,52.008,45
171,(162),<107>,Freddie Jacobson,Sweden,1.0662,44.780,42,-54.505,30.470,42
172,(168),<213>,Zac Blair,United States,1.0616,55.203,52,-25.787,50.693,62
172,(166),<229>,Jason Gore,United States,1.0616,55.203,52,-29.728,44.581,54
174,(170),<192>,Li Haotong,China,1.0516,54.682,52,-25.615,43.617,53
175,(171),<175>,David Toms,United States,1.0486,42.994,41,-32.570,35.956,41
176,(172),<189>,Brad Kennedy,Australia,1.0433,49.033,47,-35.434,41.888,47
177,(179),<97>,Romain Wattel,France,1.0309,53.605,52,-58.764,33.832,53
178,(176),<386>,Jim Herman,United States,1.0265,53.376,52,-24.280,54.045,53
179,(175),<196>,Scott Brown,United States,1.0236,53.225,52,-42.856,44.811,60
180,(174),<145>,Camilo Villegas,Colombia,1.0233,53.210,52,-47.068,38.947,56
181,(177),<345>,Greg Owen,England,1.0218,45.982,45,-23.758,42.204,45
182,(178),<63>,Ernie Els,South Africa,1.0164,52.851,52,-94.666,32.244,59
183,(183),<501>,Peter Malnati,United States,1.0014,52.071,52,-17.950,56.635,52
184,(181),<143>,Peter Uihlein,United States,1.0000,51.998,52,-56.449,46.224,58
185,(180),<211>,Julien Quesne,France,0.9987,49.933,50,-40.168,50.927,50
186,(184),<433>,Martin Piller,United States,0.9929,41.703,42,-12.005,37.857,42
187,(182),<59>,Jonas Blixt,Sweden,0.9854,51.239,52,-93.491,27.271,58
188,(185),<105>,Seungyul Noh,Korea,0.9837,51.152,52,-60.236,34.261,53
189,(186),<113>,Hiroyuki Fujita,Japan,0.9816,50.062,51,-44.371,22.239,51
190,(203),<282>,Taichi Teshima,Japan,0.9769,43.961,45,-21.343,35.785,45
191,(188),<411>,Johnson Wagner,United States,0.9697,50.422,52,-23.718,52.575,52
192,(187),<154>,Katsumasa Miyamoto,Japan,0.9691,46.518,48,-30.310,23.913,48
193,(198),<269>,Jeunghun Wang,Korea,0.9656,43.451,45,-19.775,36.092,45
194,(200),<174>,Liang Wen-chong,China,0.9615,42.305,44,-41.679,32.476,44
195,(192),<399>,Kyle Reifers,United States,0.9561,49.719,52,-21.090,51.366,58
196,(190),<98>,Robert Karlsson,Sweden,0.9523,47.615,50,-49.858,23.492,50
197,(194),<339>,Maximilian Kieffer,Germany,0.9521,49.508,52,-29.863,51.201,55
198,(191),<156>,Jason Kokrak,United States,0.9502,46.561,49,-52.559,45.994,49
199,(189),<508>,Pelle Edberg,Sweden,0.9501,45.604,48,-10.314,42.487,48
200,(195),<290>,Ikjae Jang,Korea,0.9482,46.462,49,-27.899,41.813,49
201,(196),<193>,Stewart Cink,United States,0.9431,48.098,51,-38.125,40.514,51
202,(199),<303>,Andrew Dodt,Australia,0.9367,37.469,40,-24.826,35.604,40
203,(201),<397>,Chad Campbell,United States,0.9360,48.670,52,-22.593,48.260,54
204,(197),<95>,Erik Compton,United States,0.9326,48.495,52,-59.061,28.505,57
205,(204),<289>,Graeme Storm,England,0.9323,48.480,52,-22.677,38.840,59
206,(202),<133>,David Lipsky,United States,0.9304,48.381,52,-35.350,25.852,52
207,(193),<36>,Thomas Bjorn,Denmark,0.9302,45.581,49,-124.932,21.529,49
208,(205),<73>,Angel Cabrera,Argentina,0.9139,43.869,48,-71.440,21.784,48
209,(209),<349>,Daisuke Kataoka,Japan,0.9108,46.448,51,-22.082,41.350,51
210,(211),<491>,Jamie Lovemark,United States,0.9105,47.346,52,-17.260,48.038,54
211,(252),<252>,Rod Pampling,Australia,0.9071,47.169,52,-24.801,34.753,53
212,(210),<248>,Raphael Jacquelin,France,0.9065,47.139,52,-36.056,46.163,54
213,(214),<257>,Thanyakorn Khrongpha,Thailand,0.9011,46.856,52,-17.551,34.118,59
214,(213),<281>,Dawie van der Walt,South Africa,0.8990,46.746,52,-36.574,48.008,70
215,(212),<368>,Younghan Song,Korea,0.8983,46.712,52,-17.702,41.959,53
216,(208),<112>,Andrew Johnston,England,0.8847,39.809,45,-34.845,17.823,45
217,(215),<234>,Bradley Dredge,Wales,0.8782,35.129,40,-20.280,24.455,35
218,(218),<1548>,Borja Virto Astudillo,Spain,0.8578,34.313,40,-1.833,36.146,38
219,(217),<398>,J.J. Henry,United States,0.8523,44.320,52,-23.776,44.911,60
220,(216),<41>,Steve Stricker,United States,0.8514,34.056,40,-92.423,16.827,22
221,(219),<228>,Bryce Molder,United States,0.8465,44.020,52,-34.706,38.240,52
221,(220),<120>,Chesson Hadley,United States,0.8465,44.018,52,-65.773,45.331,60
223,(223),<308>,Michio Matsumura,Japan,0.8428,42.142,50,-20.081,32.294,50
224,(222),<161>,Inhoi Hur,Korea,0.8340,33.361,40,-32.861,11.200,39
225,(224),<180>,Adam Hadwin,Canada,0.8336,43.345,52,-36.503,32.661,56
226,(221),<125>,Scott Stallings,United States,0.8329,40.810,49,-63.467,35.858,49
227,(225),<504>,Scott Pinckney,United States,0.8290,43.109,52,-16.734,46.923,56
228,(226),<360>,Colt Knost,United States,0.8234,42.819,52,-22.156,39.265,56
229,(227),<268>,Trevor Fisher-Jr,South Africa,0.8147,38.293,47,-27.851,37.498,47
230,(229),<205>,Retief Goosen,South Africa,0.8135,40.675,50,-31.336,32.157,50
231,(228),<285>,Michael Lorenzo-Vera,France,0.8040,34.573,43,-17.672,26.957,43
232,(231),<225>,Angelo Que,Philippines,0.8001,36.803,46,-25.810,26.804,46
233,(232),<460>,Nacho Elvira,Spain,0.7987,41.531,52,-20.900,42.592,57
234,(229),<170>,Martin Laird,Scotland,0.7977,38.291,48,-47.092,36.754,48
235,(239),<148>,Wade Ormsby,Australia,0.7972,41.456,52,-36.735,25.582,56
236,(234),<395>,Roope Kakko,Finland,0.7929,33.300,42,-19.780,32.620,42
237,(236),<300>,Jon Curran,United States,0.7883,40.992,52,-23.878,43.128,57
238,(235),<142>,Carlos Ortiz,Mexico,0.7847,40.805,52,-37.517,30.827,54
239,(242),<224>,S.S.P. Chawrasia,India,0.7815,35.951,46,-30.800,25.093,46
240,(237),<232>,Dongkyu Jang,Korea,0.7804,40.579,52,-25.956,26.283,55
241,(240),<171>,Derek Fathauer,United States,0.7737,40.231,52,-29.774,23.169,60
242,(244),<451>,Danny Chia,Malaysia,0.7721,37.834,49,-10.860,33.513,49
243,(251),<140>,Nicolas Colsaerts,Belgium,0.7708,40.084,52,-48.522,24.268,56
244,(241),<262>,Vijay Singh,Fiji,0.7697,37.717,49,-35.594,38.134,49
245,(243),<351>,Jean Hugo,South Africa,0.7674,36.068,47,-22.962,32.410,47
246,(238),<183>,Sanghyun Park,Korea,0.7631,37.394,49,-26.069,23.747,49
247,(246),<952>,Gary Boyd,England,0.7526,30.105,40,-4.294,30.890,29
248,(245),<273>,Adam Bland,Australia,0.7520,35.343,47,-20.886,29.421,47
249,(255),<553>,Brandon Stone,South Africa,0.7493,38.963,52,-10.692,38.322,53
250,(247),<329>,Paul Peterson,United States,0.7454,29.815,40,-15.082,22.686,33
251,(248),<101>,Hennie Otto,South Africa,0.7351,34.551,47,-56.469,14.768,47
252,(250),<210>,Jaco Ahlers,South Africa,0.7307,33.611,46,-26.602,23.783,46
253,(249),<197>,Chapchai Nirat,Thailand,0.7304,29.214,40,-27.649,20.801,39
254,(259),<380>,Keith Horne,South Africa,0.7291,35.726,49,-21.034,32.675,49
255,(253),<443>,Sam Saunders,United States,0.7258,37.741,52,-16.096,36.139,58
256,(254),<1214>,Soomin Lee,Korea,0.7238,28.951,40,-4.064,31.580,27
257,(258),<159>,Thaworn Wiratchant,Thailand,0.7212,33.174,46,-34.845,14.438,46
258,(256),<321>,Eduardo De la Riva,Spain,0.7169,36.561,51,-26.764,33.517,51
259,(257),<518>,Tom Hoge,United States,0.7129,37.070,52,-12.148,33.731,59
260,(306),<176>,Brett Rumford,Australia,0.7037,28.149,40,-38.282,15.948,39
261,(260),<314>,Hudson Swafford,United States,0.6993,36.366,52,-24.744,30.877,62
262,(262),<412>,Andrew Loupe,United States,0.6953,36.156,52,-16.424,31.139,53
263,(261),<191>,Danie van Tonder,South Africa,0.6899,32.426,47,-35.513,20.137,47
264,(264),<1253>,Shugo Imahira,Japan,0.6896,27.584,40,-2.437,28.791,27
265,(274),<313>,Ryuichi Oda,Japan,0.6886,30.300,44,-12.373,18.659,44
266,(263),<116>,K.J. Choi,Korea,0.6775,31.841,47,-58.970,19.641,47
267,(266),<328>,Andrew McArthur,Scotland,0.6761,29.749,44,-19.083,23.269,44
268,(265),<163>,Darren Fichardt,South Africa,0.6751,35.105,52,-46.395,27.710,63
269,(379),<230>,Nick Cullen,Australia,0.6642,26.567,40,-19.505,14.687,27
270,(269),<638>,Y.E. Yang,Korea,0.6621,34.429,52,-14.324,37.145,56
271,(271),<390>,Spencer Levin,United States,0.6609,34.367,52,-16.835,33.687,56
272,(272),<814>,Siwoo Kim,Korea,0.6605,33.027,50,-5.155,33.232,50
273,(268),<204>,Morten Orum Madsen,Denmark,0.6580,34.217,52,-47.243,36.874,59
274,(326),<551>,Ryutaro Nagano,Japan,0.6570,29.563,45,-10.918,27.577,45
275,(267),<277>,Richard Bland,England,0.6548,34.051,52,-24.892,26.103,59
276,(280),<588>,Jason Scrivener,Australia,0.6528,26.767,41,-8.340,24.948,41
276,(277),<1351>,Tyler Aldridge,United States,0.6528,26.112,40,-4.259,29.470,39
278,(278),<275>,Jhonattan Vegas,Venezuela,0.6495,33.772,52,-20.796,28.192,56
279,(276),<200>,Rashid Khan,India,0.6485,25.942,40,-21.709,12.280,33
280,(275),<167>,John Huh,United States,0.6473,33.658,52,-47.338,27.849,60
281,(273),<390>,Jens Fahrbring,Sweden,0.6463,32.960,51,-16.222,28.976,51
282,(281),<231>,Florian Fritsch,Germany,0.6438,25.751,40,-18.757,13.255,35
283,(282),<264>,Jacques Blaauw,South Africa,0.6405,28.182,44,-29.002,27.040,44
284,(270),<158>,Felipe Aguilar,Chile,0.6401,30.723,48,-40.344,17.335,48
285,(311),<1396>,C.T. Pan,Chinese Taipei,0.6365,25.460,40,-1.614,26.382,16
285,(285),<611>,Yuki Inamori,Japan,0.6365,25.459,40,-5.619,21.562,30
287,(285),<456>,Joakim Lagergren,Sweden,0.6349,29.839,47,-11.759,25.464,47
288,(337),<538>,Thomas Linard,France,0.6331,29.124,46,-9.394,26.404,46
289,(290),<634>,Brett Stegmaier,United States,0.6302,32.771,52,-8.767,30.775,54
290,(279),<121>,Seunghyuk Kim,Korea,0.6300,32.761,52,-36.335,3.768,52
291,(287),<322>,Paul Lawrie,Scotland,0.6293,25.173,40,-21.175,23.470,32
292,(284),<400>,Max Orrin,England,0.6289,28.301,45,-11.108,21.906,45
293,(343),<424>,Rhein Gibson,Australia,0.6266,30.078,48,-15.124,29.050,48
294,(288),<270>,Andres Romero,Argentina,0.6258,31.915,51,-27.940,25.496,51
295,(291),<238>,Michael Thompson,United States,0.6231,32.400,52,-36.978,30.569,56
296,(292),<242>,Peter Hanson,Sweden,0.6203,24.814,40,-30.393,22.393,36
297,(283),<70>,Kevin Stadler,United States,0.6198,24.793,40,-79.054,0.000,30
298,(295),<226>,Siddikur Rahman,Bangladesh,0.6156,24.626,40,-27.898,20.720,30
299,(294),<280>,Gregory Havret,France,0.6144,31.336,51,-29.115,26.385,51
300,(297),<542>,John Hahn,United States,0.6120,28.764,47,-10.821,27.735,47